{"cameraMode":{"drawMode":0,"name":"Shaded","section":"Shading Mode"},"sceneLighting":true,"audioPlay":false,"sceneViewState":{"m_AlwaysRefresh":false,"showFog":true,"showSkybox":true,"showFlares":true,"showImageEffects":true,"showParticleSystems":true,"showVisualEffectGraphs":true,"m_FxEnabled":true},"in2DMode":false,"pivot":{"x":-0.4032101631164551,"y":5.720944881439209,"z":-20.789228439331056},"rotation":{"x":-0.0030805685091763736,"y":0.9855604767799377,"z":-0.01804741658270359,"w":-0.16836610436439515},"size":7.334145545959473,"orthographic":false}